CREATE MEMORY TABLE CO_CODE_MAST(CODE_CD VARCHAR(50) NOT NULL, CODE_NM VARCHAR(100), CODE_DESC VARCHAR(300), REF_VAL1_DESC VARCHAR(100), REF_VAL2_DESC VARCHAR(100), REF_VAL3_DESC VARCHAR(100), REF_VAL4_DESC VARCHAR(100), NOTE VARCHAR(500), USE_YN CHAR(1))
CREATE MEMORY TABLE CO_CODE_DETL(CODE_CD VARCHAR(50) NOT NULL, CODE_DETL_CD VARCHAR(50) NOT NULL, CODE_DETL_NM VARCHAR(300), REF_VAL1 VARCHAR(100), REF_VAL2 VARCHAR(100), REF_VAL3 VARCHAR(100), REF_VAL4 VARCHAR(100), DISP_ORDR NUMERIC(10), USE_YN CHAR(1))
CREATE MEMORY TABLE CO_USER(USER_ID VARCHAR(20) NOT NULL, USER_NM VARCHAR(100), USER_PWD VARCHAR(100), AUTH_ID VARCHAR(20), USE_YN CHAR(1))
CREATE MEMORY TABLE CO_MENU(MENU_ID VARCHAR(20) NOT NULL, MENU_NM VARCHAR(100), MENU_PRNT_ID VARCHAR(20), MENU_ORDR NUMERIC, MENU_TRGT VARCHAR(255), MENU_PATH VARCHAR(100), MENU_DESC VARCHAR(100), ICON_NM VARCHAR(100), LEAF_YN CHAR(1), MENU_LEVEL NUMERIC, USE_YN CHAR(1))
CREATE MEMORY TABLE CO_AUTH(AUTH_ID VARCHAR(20) NOT NULL, AUTH_NM VARCHAR(50), AUTH_DESC VARCHAR(100), DISP_ORDR NUMERIC, USE_YN CHAR(1))
CREATE MEMORY TABLE CO_AUTH_MAP(AUTH_ID VARCHAR(20) NOT NULL, MENU_ID VARCHAR(20) NOT NULL)

SET SCHEMA PUBLIC

INSERT INTO CO_CODE_MAST VALUES('YN_CODE1', '예/아니오', '1', '2', '3', '4', '5', '6', 'Y')
INSERT INTO CO_CODE_MAST VALUES('YN_CODE2', '사용/미사용', '', '', '', '', '', '', 'Y')
INSERT INTO CO_CODE_DETL VALUES('YN_CODE1', 'Y', '예', '1', '2', '3', '4', 1, 'Y')
INSERT INTO CO_CODE_DETL VALUES('YN_CODE1', 'N', '아니오', '', '', '', '', 2, 'Y')
INSERT INTO CO_CODE_DETL VALUES('YN_CODE2', 'Y', '사용', '', '', '', '', 1, 'Y')
INSERT INTO CO_CODE_DETL VALUES('YN_CODE2', 'N', '미사용', '', '', '', '', 2, 'Y')
INSERT INTO CO_USER VALUES('admin','관리자','1234','00001','Y')
INSERT INTO CO_USER VALUES('user1','사용자1','12345','00001','N')
INSERT INTO CO_USER VALUES('user2','사용자2','67890','00002','Y')
INSERT INTO CO_MENU VALUES('00000','ROOT','',0,'','','수정할 수 없는 항목입니다.','','N',0,'Y')
INSERT INTO CO_MENU VALUES('A0000','시스템','00000',100000,'','','','tmenu_1','N',1,'Y')
INSERT INTO CO_MENU VALUES('A1000','기본정보','A0000',110000,'','','','','N',2,'Y')
INSERT INTO CO_MENU VALUES('A1010','코드관리','A1000',110100,'/system/code/openCode.do','','','','Y',3,'Y')
INSERT INTO CO_MENU VALUES('A1020','사용자관리','A1000',110200,'/system/user/openUser.do','','','','Y',3,'Y')
INSERT INTO CO_MENU VALUES('A1030','권한관리','A1000',110300,'/system/auth/openAuth.do','','','','Y',3,'Y')
INSERT INTO CO_MENU VALUES('A1040','메뉴관리','A1000',110400,'/system/menu/openMenu.do','','','','Y',3,'Y')
INSERT INTO CO_MENU VALUES('A1050','권한별메뉴관리','A1000',110500,'/system/authMap/openAuthMap.do','','','','Y',3,'Y')
INSERT INTO CO_MENU VALUES('A2000','중메뉴','A0000',120000,'','','','','N',2,'Y')
INSERT INTO CO_MENU VALUES('A2010','하메뉴','A2000',120100,'','https://www.google.com','','','Y',3,'Y')
INSERT INTO CO_MENU VALUES('B0000','대메뉴','00000',200000,'','','','tmenu_2','N',1,'Y')
INSERT INTO CO_AUTH VALUES('00001', '관리자', '관리자', 1, 'Y')
INSERT INTO CO_AUTH VALUES('00002', '사용자', '사용자', 2, 'Y')
INSERT INTO CO_AUTH_MAP VALUES('00001', '00000')
INSERT INTO CO_AUTH_MAP VALUES('00001', 'A0000')
INSERT INTO CO_AUTH_MAP VALUES('00001', 'A1000')
INSERT INTO CO_AUTH_MAP VALUES('00001', 'A1010')
INSERT INTO CO_AUTH_MAP VALUES('00001', 'A1020')
INSERT INTO CO_AUTH_MAP VALUES('00001', 'A1030')
INSERT INTO CO_AUTH_MAP VALUES('00001', 'A1040')
INSERT INTO CO_AUTH_MAP VALUES('00001', 'A1050')
INSERT INTO CO_AUTH_MAP VALUES('00001', 'A2000')
INSERT INTO CO_AUTH_MAP VALUES('00001', 'A2010')